account_display_name,engagement,medEngagement
Drama-addict,204454,2357
Migrationology,526325,25047.5
Spriteder SPD,477377,4157
Noey Pannarai - เนยเจออันนี้,297886,3
Zom Marie,213866,2365.5
Pantipa.a,688325,2838
อยากเที่ยวก็เที่ยว,285711,5
I Roam Alone,600219,5317
ลงทุนแมน,210923,3681
VRZO,273960,429
สุดสัปดาห์แฟนคลับ,167218,7
Kyutae Oppa - คิวเท โอ็ปป้า,622767,12868.5
Beartai : แบไต๋,521595,367
หมูหิว,443609,1307
Djpetjah,298434,5685.5
wongnai.com,261593,1
สะพายกล้องท่องเที่ยว กับ มาเรีย ณ ไกลบ้าน,187678,14
มนุษย์ต่างวัย,192578,576
หมอแล็บแพนด้า,286654,3600
พาทำ พาทาน,505897,71.5
BoomTharis,210785,1755
Chillpainai,237004,5
Sean Buranahiran - ฌอน บูรณะหิรัญ,810065,7258
หนูน้อยบนยอดเขาอันหนาวเหน็บ,905648,13010
ลดพุง ลดโรค,178672,70
ปั้นหุ่นแซ๊บอายุ30+,117973,2157
คาราโอเกะชั้นใต้ดิน,341328,99982
MUJI SAMA ?? ??,245325,208
Ninja And The Gang,305109,563
Tagple,1413834,144251
ผู้หญิง Salaryman Thailand,205965,40
LowGrade,286655,21191.5
อีเจี๊ยบ เลียบด่วน,270478,11108.5
Bie The Ska,349609,3510
Briannas Secret Club,529564,13
Bo Vanda Sahawong,676987,730.5
WeSneaker,361296,1
Guy Haru Family,442392,595
สะบัดแปรง,480858,4322
Mai Yom Auon ไม่ยอมอ้วน,186961,14
Little Monster,231258,259
Slang A-hO-lic,498035,10377
กินไม่หยุด,246115,7
Mawinfinferrr,300755,32238
ศุภชัย เสมอมิตร โหน่งโชว์,243826,11415
I'm Mayyr - Blog,280879,11806.5
ตั๋วร้อน ป๊อปคอร์นชีส,110024,3244
ข้าวจ้าว หมากวนตีน,388386,62055
KP ตะลอนแหลก,188593,6
Gluta Story,371792,5053
Heartrocker,407715,30703
ม้าเฉียว ดูหุ้น The Future,427695,356
aomMONEY,255041,194
Starvingtime เรื่องกินเรื่องใหญ่,294665,10
พลอยเรียนจบแล้วทำไรต่อ?,197265,772
อีจัน,736443,48
Ananped,286514,57798.5
กินไปไทยหรั่ง,292939,739.5
อร่อยนัวร์,380732,20638.5
อ้วนจูนเนอร์,202612,22
กับข้าวกับปลาโอ Plaocooking,762419,71119.5
หมีมีหม้อ,235280,55
Basgamer,192613,6317
ZuvapitSnap,151243,909
English Fit and Firm,181999,42
ปันโปร - Punpromotion,202501,12
Archita Station,235817,2600.5
TripTH ทริปไทยแลนด์,241695,25
ไทยเรสซิ่ง-ThaiRacing,283215,10267
ทำกินเอง,243556,21101
OHANA,318439,9237
Edward10516 : เอ็ดเวิร์ด,262240,299.5
สอดอStyle,863802,742
King SoYer,191929,19365
Lowcostcosplay,1070123,89936.5
หนูนาสวีเดน แฟนเฟจ,248464,53
ผู้บริโภค,238966,65
ReviewPapai - รีวิวพาไป,218605,1
ใต้เตียงดารา,201273,453
Sundae Kids,235379,1118
Loi story,322977,2
KidmakGag,180208,990
จอห์น ไรเดอร์ - John Rider,264982,8
ชุมชนคนสร้างซิกแพ็ค sixpackclub.net,184588,2510
My Mate Nate,271710,9772.5
Amy Kitiya,252993,755
Dr.Pakky หม่ามี้หมอเด็ก,266357,215
วิ่งแถวบ้าน : runfronthome,190734,20
ชีวิตติดรีวิว,627896,14
Benz Apache - เบ๊น อาปาเช่,355236,1936
โบราณนานมา,299838,211
กินได้อร่อยด้วย,293695,15504.5
Sneak out หนีเที่ยว,371977,9
หม่อมถนัดแดก,477056,98
เอ็ม รถซิ่งไทยแลนด์,298007,277
เนสตี้ สไปร์ทซี่,271092,403
ขอบสหนัง,195608,3285
Ozrealman,318096,21248
มูมมาม,364320,24
Kaykai Salaider Channel,343415,14576.5
ครูโรซี่: British English,226990,1647
PIT START,297935,3622.5
PEACH EAT LAEK,372259,4116
บ้ารถ,195177,5517.5
